"Prénom"	"Nom"	"Téléphone"	"email"	"date de naissance"
"Hayfa"	"Britt"	"07 74 57 17 56"	"eget.dictum@luctusetultrices.net"	"19/04/1996"
"Stuart"	"Burton"	"04 93 48 57 24"	"enim.consequat.purus@dictum.org"	"26/11/2000"
"Ramona"	"Bennett"	"05 75 81 20 64"	"In.condimentum.Donec@magna.edu"	"19/06/2000"
"Lucius"	"Porter"	"09 84 23 47 05"	"Lorem.ipsum.dolor@euismod.ca"	"03/02/2000"
"MacKensie"	"Mccormick"	"07 33 10 96 10"	"nec.quam@cursusNuncmauris.co.uk"	"16/10/1998"
"Erica"	"Workman"	"04 96 59 18 45"	"gravida.mauris.ut@nullaat.ca"	"28/02/1995"
"Georgia"	"Salinas"	"07 90 77 28 03"	"Quisque.porttitor.eros@aliquet.org"	"24/05/1996"
"Brandon"	"Becker"	"02 17 94 11 73"	"urna.Nullam.lobortis@egestas.net"	"04/10/1997"
"Upton"	"Butler"	"07 13 07 88 77"	"metus.eu@ipsum.com"	"25/05/1998"
"Daryl"	"Dixon"	"04 72 89 14 05"	"nonummy.ipsum@lectusconvallis.com"	"31/10/1998"
"Quinn"	"Quinn"	"04 47 02 74 19"	"ac@diam.ca"	"20/08/1995"
"Myra"	"Collins"	"07 46 28 50 18"	"Aliquam.nec.enim@nisiAenean.ca"	"06/08/2000"
"Amir"	"Malone"	"07 56 58 14 76"	"sociis.natoque.penatibus@sodalesatvelit.com"	"03/10/1999"
"David"	"Dennis"	"08 17 97 54 78"	"Suspendisse.tristique.neque@turpisegestasFusce.ca"	"06/11/1996"
"Ava"	"Hyde"	"05 91 66 62 62"	"penatibus.et.magnis@ullamcorper.com"	"12/09/1995"
"Zorita"	"Whitley"	"04 84 84 59 03"	"felis@maurisblandit.com"	"23/08/1998"
"Karleigh"	"Russo"	"09 97 68 67 86"	"at@famesacturpis.edu"	"28/06/1998"
"Hammett"	"Shepard"	"08 01 48 00 72"	"Sed.congue.elit@justoProin.edu"	"25/01/1996"
"Mari"	"Serrano"	"09 23 87 36 54"	"Donec.non@Sedmalesuada.ca"	"26/08/1995"
"Aurelia"	"Lawson"	"02 72 79 21 52"	"mus.Proin.vel@orciadipiscing.org"	"09/02/1999"
"Price"	"Coleman"	"07 72 54 35 06"	"Vestibulum@aliquet.com"	"19/10/1997"
"Garrison"	"Vang"	"02 41 47 44 15"	"egestas@nonarcu.ca"	"20/09/1999"
"Tiger"	"Henderson"	"04 29 96 59 08"	"eleifend.nec@cursusaenim.org"	"13/09/1999"
"Alexis"	"Jackson"	"08 43 28 20 69"	"arcu.Vestibulum@egetipsum.com"	"28/08/1997"
"Gavin"	"Robbins"	"07 03 93 02 59"	"et.magna@velturpis.ca"	"04/02/1998"
"Uriah"	"Rojas"	"07 73 37 96 76"	"fermentum.arcu.Vestibulum@turpisNullaaliquet.net"	"07/04/1996"
"Marny"	"Lee"	"04 99 00 38 83"	"ornare.In.faucibus@commodo.edu"	"19/05/1999"
"Kirk"	"Stark"	"05 01 92 44 57"	"rutrum.eu.ultrices@eu.ca"	"09/04/1999"
"Mona"	"Kerr"	"02 70 37 37 75"	"sociis.natoque@etmalesuadafames.ca"	"21/08/1999"
"Channing"	"Mcconnell"	"06 20 42 46 10"	"massa@eget.org"	"18/12/2000"
"Rooney"	"Mcclure"	"09 76 00 55 68"	"lacus@posuerecubilia.co.uk"	"29/12/2000"
"Britanney"	"Brady"	"09 93 85 88 15"	"nulla.Donec@erosnectellus.net"	"02/11/1999"
"Kyra"	"Morrison"	"04 10 49 34 04"	"amet@Utnec.ca"	"31/08/1999"
"Judah"	"Norton"	"08 16 58 51 50"	"arcu.Curabitur@portaelita.ca"	"08/05/1995"
"Zorita"	"Valdez"	"05 40 30 81 42"	"elementum.dui.quis@famesac.co.uk"	"27/04/1999"
"Brady"	"Potter"	"03 13 13 96 45"	"Quisque.nonummy@Aeneangravida.com"	"20/11/1995"
"Athena"	"Donovan"	"06 24 60 12 64"	"massa@tellusAeneanegestas.com"	"04/07/2000"
"Grace"	"Macdonald"	"06 80 48 66 30"	"ac.mi.eleifend@Maecenasiaculisaliquet.co.uk"	"31/01/1996"
"Evan"	"Dunn"	"03 77 01 83 04"	"ullamcorper@nuncullamcorpereu.ca"	"16/03/2000"
"Alisa"	"Morgan"	"05 65 31 38 03"	"nonummy.ut.molestie@lorem.ca"	"17/07/1995"
"Julie"	"Snyder"	"01 08 27 94 68"	"ut.pellentesque@fringillapurus.ca"	"04/10/1995"
"Julian"	"Powell"	"05 58 26 94 39"	"ante.ipsum.primis@scelerisque.ca"	"22/02/1997"
"Isabella"	"Mcgee"	"09 74 21 75 63"	"Aliquam@adipiscing.co.uk"	"15/01/1995"
"Mira"	"Shaffer"	"03 60 49 59 83"	"natoque@commodoat.ca"	"21/03/1997"
"Elmo"	"Eaton"	"03 05 02 77 49"	"quam@eros.ca"	"21/04/1996"
"Dacey"	"Blackburn"	"08 72 78 44 49"	"rutrum.magna@porttitorscelerisqueneque.com"	"22/10/1998"
"Rylee"	"Spears"	"09 86 35 73 31"	"dolor.dolor.tempus@loremlorem.net"	"08/03/1998"
"Jaquelyn"	"Stein"	"01 07 43 77 31"	"purus.Duis.elementum@tristiqueac.ca"	"29/12/1995"
"Giacomo"	"Ray"	"05 21 54 76 51"	"tincidunt.nibh.Phasellus@dolor.ca"	"09/12/1999"
"Simon"	"Levine"	"08 80 16 18 84"	"magnis.dis@scelerisquescelerisque.ca"	"14/12/1999"
"Faith"	"Floyd"	"02 24 43 98 45"	"pharetra.sed@mi.net"	"09/11/1996"
"Fletcher"	"Joyner"	"04 09 49 74 71"	"arcu.Vestibulum.ut@velarcu.com"	"21/11/1998"
"Jameson"	"Adams"	"04 49 82 03 92"	"velit.Aliquam.nisl@atarcu.org"	"24/07/1997"
"Joan"	"Dean"	"01 73 74 35 38"	"turpis@nonmassanon.ca"	"01/09/1999"
"Davis"	"Harvey"	"04 36 93 08 35"	"Integer.sem@dapibusquamquis.net"	"23/03/2000"
"Andrew"	"Maldonado"	"09 72 29 99 15"	"sollicitudin@cubiliaCurae.ca"	"24/02/1995"
"Melyssa"	"Dean"	"05 01 09 70 34"	"Suspendisse.tristique.neque@Phaselluselit.ca"	"01/04/2000"
"MacKenzie"	"May"	"06 87 80 15 14"	"Mauris.molestie.pharetra@dolordapibus.ca"	"13/10/1997"
"Jessica"	"Frederick"	"02 36 49 38 82"	"Donec@variusorci.co.uk"	"22/02/1998"
"Lucy"	"Guerrero"	"07 98 57 92 03"	"nec.diam@arcu.org"	"05/08/1998"
"Valentine"	"Frederick"	"04 48 06 88 16"	"dui@justo.org"	"28/07/1997"
"Lareina"	"Workman"	"06 64 38 25 56"	"sit@egestasnunc.net"	"31/08/2000"
"Jaden"	"Simpson"	"06 60 36 86 47"	"quis.pede@Utnecurna.com"	"06/10/2000"
"Chandler"	"Benson"	"04 24 67 30 11"	"sagittis.felis@semmagnanec.com"	"21/05/1999"
"Frances"	"Frazier"	"02 13 45 58 67"	"Aliquam.ornare@sitamet.co.uk"	"01/11/1998"
"Omar"	"Glenn"	"02 57 38 83 07"	"augue.malesuada@risus.net"	"18/12/1996"
"Molly"	"Richard"	"07 76 25 79 10"	"mauris.ipsum.porta@nislarcuiaculis.edu"	"28/06/1998"
"Lynn"	"Jensen"	"01 96 51 72 25"	"ullamcorper.velit.in@accumsansed.net"	"14/08/1997"
"Jolene"	"Mccray"	"08 93 41 78 98"	"sapien.imperdiet@euismod.net"	"30/11/1999"
"Jerry"	"Leonard"	"08 12 70 80 27"	"vel.est.tempor@tortor.com"	"22/05/2000"
"Britanni"	"Barton"	"05 95 92 51 49"	"gravida.non.sollicitudin@quam.co.uk"	"28/07/1997"
"Scarlet"	"Hart"	"07 37 14 79 92"	"Suspendisse.sed.dolor@Etiamgravidamolestie.ca"	"28/05/1998"
"Matthew"	"Nicholson"	"05 84 25 40 64"	"enim.Mauris@auctorquis.ca"	"26/07/1999"
"Lamar"	"Bradley"	"07 90 42 10 17"	"quam.vel.sapien@arcuSed.com"	"24/03/1995"
"Judah"	"Pollard"	"07 53 75 07 07"	"netus.et.malesuada@vitae.org"	"17/11/1998"
"Bree"	"Bush"	"05 06 79 39 54"	"malesuada.fringilla.est@quistristique.org"	"28/10/1995"
"Frances"	"Logan"	"01 14 17 16 69"	"Integer.vitae@maurisblanditmattis.ca"	"04/07/2000"
"Macey"	"Stuart"	"08 00 35 38 62"	"Curae.Donec.tincidunt@lorem.co.uk"	"20/04/2000"
"Brielle"	"Carney"	"06 01 03 74 39"	"pede@ametmetusAliquam.com"	"15/10/1996"
"Fitzgerald"	"Barker"	"02 52 71 15 61"	"cursus@nonbibendum.edu"	"13/10/2000"
"Kevin"	"Boone"	"09 97 68 23 92"	"fermentum@anteMaecenas.ca"	"07/04/1999"
"Ulysses"	"Ward"	"05 60 90 88 20"	"In.ornare@tellus.org"	"11/07/1995"
"Rajah"	"Barker"	"06 97 54 75 89"	"facilisis.non.bibendum@nonmagnaNam.org"	"21/12/1996"
"Richard"	"James"	"04 64 53 18 84"	"primis.in@sagittissemperNam.com"	"01/08/1999"
"Kendall"	"Burton"	"05 03 28 77 87"	"nec@uteros.edu"	"26/12/1997"
"Talon"	"Medina"	"04 19 43 02 77"	"orci@ullamcorper.ca"	"20/05/1999"
"Keelie"	"May"	"07 56 59 98 15"	"Fusce.dolor.quam@Phasellus.co.uk"	"29/12/1998"
"Yen"	"Higgins"	"02 46 49 38 13"	"parturient.montes.nascetur@eueuismodac.ca"	"18/04/1997"
"Medge"	"Dunlap"	"01 66 80 26 79"	"eu.nibh.vulputate@Nam.com"	"05/06/1998"
"Ramona"	"Hickman"	"08 90 06 41 83"	"Vivamus@augue.ca"	"07/01/1997"
"Teegan"	"Mccray"	"04 14 14 44 77"	"nulla.Donec.non@risusDuisa.ca"	"05/12/1998"
"Hiroko"	"Melton"	"07 36 42 44 45"	"tellus.eu@loremauctor.edu"	"13/04/1999"
"Erin"	"Mcmillan"	"08 95 84 01 35"	"tellus.Phasellus.elit@magnaNam.org"	"08/02/1995"
"Sydnee"	"Griffin"	"06 48 23 70 12"	"a.odio.semper@a.org"	"13/10/2000"
"Vivian"	"Curry"	"09 72 48 03 84"	"habitant@ategestas.ca"	"28/02/1998"
"Kirestin"	"Lynch"	"04 55 32 44 05"	"Maecenas@duiFuscediam.org"	"13/06/1997"
"Kylee"	"Franks"	"07 00 38 61 58"	"laoreet.libero.et@gravida.ca"	"21/05/1996"
"Cassidy"	"Potts"	"07 33 09 42 70"	"imperdiet.ullamcorper.Duis@cubiliaCuraePhasellus.ca"	"22/11/1999"
"Cairo"	"Adkins"	"02 78 41 98 85"	"et@nec.com"	"06/11/1998"
"Cameron"	"Tran"	"09 57 92 12 07"	"sed.sapien.Nunc@Crasdictum.co.uk"	"20/05/1997"
